-- ╔══════════════════════════════════════════════════════════════╗
-- ║         CoreInventory — Demo Seed Data                     ║
-- ║  Run AFTER supabase-schema.sql in SQL Editor               ║
-- ╚══════════════════════════════════════════════════════════════╝

-- 1. Warehouses
INSERT INTO warehouses (id, name, main_policy, address) VALUES
  ('a0000000-0000-0000-0000-000000000001', 'Main Warehouse', 'FIFO', '123 Industrial Park, Karachi'),
  ('a0000000-0000-0000-0000-000000000002', 'Cold Storage Facility', 'FEFO', '45 Cold Chain Blvd, Lahore'),
  ('a0000000-0000-0000-0000-000000000003', 'Distribution Center', 'LIFO', '78 Logistics Way, Islamabad');

-- 2. Locations
INSERT INTO locations (id, name, short_code, warehouse_id) VALUES
  ('b0000000-0000-0000-0000-000000000001', 'Zone A - Receiving', 'WH1-A', 'a0000000-0000-0000-0000-000000000001'),
  ('b0000000-0000-0000-0000-000000000002', 'Zone B - Storage', 'WH1-B', 'a0000000-0000-0000-0000-000000000001'),
  ('b0000000-0000-0000-0000-000000000003', 'Zone C - Dispatch', 'WH1-C', 'a0000000-0000-0000-0000-000000000001'),
  ('b0000000-0000-0000-0000-000000000004', 'Freezer Unit 1', 'CS-F1', 'a0000000-0000-0000-0000-000000000002'),
  ('b0000000-0000-0000-0000-000000000005', 'Chiller Unit 1', 'CS-C1', 'a0000000-0000-0000-0000-000000000002'),
  ('b0000000-0000-0000-0000-000000000006', 'Bay 1 - Inbound', 'DC-B1', 'a0000000-0000-0000-0000-000000000003'),
  ('b0000000-0000-0000-0000-000000000007', 'Bay 2 - Outbound', 'DC-B2', 'a0000000-0000-0000-0000-000000000003');

-- 3. Categories
INSERT INTO categories (id, name) VALUES
  ('c0000000-0000-0000-0000-000000000001', 'Electronics'),
  ('c0000000-0000-0000-0000-000000000002', 'Raw Materials'),
  ('c0000000-0000-0000-0000-000000000003', 'Packaging'),
  ('c0000000-0000-0000-0000-000000000004', 'Spare Parts'),
  ('c0000000-0000-0000-0000-000000000005', 'Food & Beverage'),
  ('c0000000-0000-0000-0000-000000000006', 'Office Supplies');

-- 4. Products (20 products)
INSERT INTO products (id, name, sku, category_id, unit_of_measure, cost_per_unit, reorder_level, description) VALUES
  ('d0000000-0000-0000-0000-000000000001', 'Wireless Keyboard', 'ELEC-001', 'c0000000-0000-0000-0000-000000000001', 'pcs', 29.99, 25, 'Bluetooth wireless keyboard with backlight'),
  ('d0000000-0000-0000-0000-000000000002', 'USB-C Hub 7-in-1', 'ELEC-002', 'c0000000-0000-0000-0000-000000000001', 'pcs', 45.00, 15, 'Multi-port USB-C adapter'),
  ('d0000000-0000-0000-0000-000000000003', 'LED Monitor 24"', 'ELEC-003', 'c0000000-0000-0000-0000-000000000001', 'pcs', 189.99, 10, '24-inch FHD LED monitor'),
  ('d0000000-0000-0000-0000-000000000004', 'Steel Sheets 4x8', 'RAW-001', 'c0000000-0000-0000-0000-000000000002', 'pcs', 85.00, 50, '4x8 feet steel sheet, 16 gauge'),
  ('d0000000-0000-0000-0000-000000000005', 'Copper Wire Spool', 'RAW-002', 'c0000000-0000-0000-0000-000000000002', 'kg', 12.50, 100, '14 AWG copper wire'),
  ('d0000000-0000-0000-0000-000000000006', 'Aluminum Rods', 'RAW-003', 'c0000000-0000-0000-0000-000000000002', 'm', 8.75, 200, '10mm diameter aluminum rods'),
  ('d0000000-0000-0000-0000-000000000007', 'Cardboard Box Large', 'PKG-001', 'c0000000-0000-0000-0000-000000000003', 'pcs', 2.50, 500, '24x18x12 inch corrugated box'),
  ('d0000000-0000-0000-0000-000000000008', 'Bubble Wrap Roll', 'PKG-002', 'c0000000-0000-0000-0000-000000000003', 'm', 0.85, 300, '12-inch wide bubble wrap'),
  ('d0000000-0000-0000-0000-000000000009', 'Packing Tape Clear', 'PKG-003', 'c0000000-0000-0000-0000-000000000003', 'pcs', 3.25, 200, '2-inch clear packing tape roll'),
  ('d0000000-0000-0000-0000-000000000010', 'Bearing 6205-2RS', 'SPR-001', 'c0000000-0000-0000-0000-000000000004', 'pcs', 7.80, 40, 'Deep groove ball bearing'),
  ('d0000000-0000-0000-0000-000000000011', 'Hydraulic Filter', 'SPR-002', 'c0000000-0000-0000-0000-000000000004', 'pcs', 22.00, 20, 'Industrial hydraulic filter element'),
  ('d0000000-0000-0000-0000-000000000012', 'V-Belt A68', 'SPR-003', 'c0000000-0000-0000-0000-000000000004', 'pcs', 14.50, 30, 'Industrial V-belt type A, 68 inches'),
  ('d0000000-0000-0000-0000-000000000013', 'Green Tea Bags', 'FNB-001', 'c0000000-0000-0000-0000-000000000005', 'box', 5.99, 80, 'Premium green tea, 100 bags/box'),
  ('d0000000-0000-0000-0000-000000000014', 'Mineral Water 500ml', 'FNB-002', 'c0000000-0000-0000-0000-000000000005', 'pcs', 0.45, 1000, '500ml bottled mineral water'),
  ('d0000000-0000-0000-0000-000000000015', 'Energy Bar Assorted', 'FNB-003', 'c0000000-0000-0000-0000-000000000005', 'box', 18.00, 60, 'Assorted energy bars, 24-pack'),
  ('d0000000-0000-0000-0000-000000000016', 'A4 Copy Paper', 'OFS-001', 'c0000000-0000-0000-0000-000000000006', 'box', 32.00, 30, '80gsm white A4 paper, 5 reams/box'),
  ('d0000000-0000-0000-0000-000000000017', 'Ballpoint Pens Blue', 'OFS-002', 'c0000000-0000-0000-0000-000000000006', 'box', 8.50, 50, 'Medium point blue pens, 50-pack'),
  ('d0000000-0000-0000-0000-000000000018', 'Whiteboard Marker Set', 'OFS-003', 'c0000000-0000-0000-0000-000000000006', 'pcs', 12.00, 40, '4-color whiteboard marker set'),
  ('d0000000-0000-0000-0000-000000000019', 'Webcam HD 1080p', 'ELEC-004', 'c0000000-0000-0000-0000-000000000001', 'pcs', 55.00, 20, '1080p HD webcam with microphone'),
  ('d0000000-0000-0000-0000-000000000020', 'Ethernet Cable 3m', 'ELEC-005', 'c0000000-0000-0000-0000-000000000001', 'pcs', 6.99, 100, 'Cat6 ethernet cable, 3 meters');

-- 5. Stock (distribute products across locations)
INSERT INTO stock (product_id, location_id, quantity) VALUES
  ('d0000000-0000-0000-0000-000000000001', 'b0000000-0000-0000-0000-000000000002', 42),
  ('d0000000-0000-0000-0000-000000000002', 'b0000000-0000-0000-0000-000000000002', 18),
  ('d0000000-0000-0000-0000-000000000003', 'b0000000-0000-0000-0000-000000000002', 8),   -- Below reorder (10)
  ('d0000000-0000-0000-0000-000000000019', 'b0000000-0000-0000-0000-000000000001', 35),
  ('d0000000-0000-0000-0000-000000000020', 'b0000000-0000-0000-0000-000000000002', 150),
  ('d0000000-0000-0000-0000-000000000004', 'b0000000-0000-0000-0000-000000000001', 38),  -- Below reorder (50)
  ('d0000000-0000-0000-0000-000000000005', 'b0000000-0000-0000-0000-000000000001', 220),
  ('d0000000-0000-0000-0000-000000000006', 'b0000000-0000-0000-0000-000000000002', 180),
  ('d0000000-0000-0000-0000-000000000007', 'b0000000-0000-0000-0000-000000000006', 320),  -- Below reorder (500)
  ('d0000000-0000-0000-0000-000000000008', 'b0000000-0000-0000-0000-000000000006', 450),
  ('d0000000-0000-0000-0000-000000000009', 'b0000000-0000-0000-0000-000000000007', 175),
  ('d0000000-0000-0000-0000-000000000010', 'b0000000-0000-0000-0000-000000000002', 55),
  ('d0000000-0000-0000-0000-000000000011', 'b0000000-0000-0000-0000-000000000003', 12),  -- Below reorder (20)
  ('d0000000-0000-0000-0000-000000000012', 'b0000000-0000-0000-0000-000000000003', 28),
  ('d0000000-0000-0000-0000-000000000013', 'b0000000-0000-0000-0000-000000000005', 95),
  ('d0000000-0000-0000-0000-000000000014', 'b0000000-0000-0000-0000-000000000004', 850),
  ('d0000000-0000-0000-0000-000000000015', 'b0000000-0000-0000-0000-000000000005', 45),  -- Below reorder (60)
  ('d0000000-0000-0000-0000-000000000016', 'b0000000-0000-0000-0000-000000000007', 22),  -- Below reorder (30)
  ('d0000000-0000-0000-0000-000000000017', 'b0000000-0000-0000-0000-000000000007', 65),
  ('d0000000-0000-0000-0000-000000000018', 'b0000000-0000-0000-0000-000000000006', 38);

-- 6. Update ref_counters so next references continue properly
UPDATE ref_counters SET last_number = 5 WHERE type = 'RECEIPT';
UPDATE ref_counters SET last_number = 4 WHERE type = 'DELIVERY';
UPDATE ref_counters SET last_number = 2 WHERE type = 'ADJUSTMENT';

-- 7. Receipts (mix of statuses)
INSERT INTO receipts (id, reference, "date", supplier_name, destination_location_id, status, notes, created_by, validated_at) VALUES
  ('e0000000-0000-0000-0000-000000000001', 'RCP-0001', '2026-03-10', 'TechParts Global', 'b0000000-0000-0000-0000-000000000001', 'DONE', 'Monthly electronics restock', 'system', '2026-03-10T14:30:00Z'),
  ('e0000000-0000-0000-0000-000000000002', 'RCP-0002', '2026-03-11', 'Steel Works Ltd', 'b0000000-0000-0000-0000-000000000001', 'DONE', 'Raw material order #4521', 'system', '2026-03-11T09:15:00Z'),
  ('e0000000-0000-0000-0000-000000000003', 'RCP-0003', '2026-03-12', 'PackRight Industries', 'b0000000-0000-0000-0000-000000000006', 'READY', 'Packaging supplies Q1', 'system', NULL),
  ('e0000000-0000-0000-0000-000000000004', 'RCP-0004', '2026-03-13', 'FreshFoods Corp', 'b0000000-0000-0000-0000-000000000005', 'WAITING', 'Cold storage items', 'system', NULL),
  ('e0000000-0000-0000-0000-000000000005', 'RCP-0005', '2026-03-14', 'Office Depot', 'b0000000-0000-0000-0000-000000000007', 'DRAFT', 'Office supplies reorder', 'system', NULL);

-- Receipt Items
INSERT INTO receipt_items (receipt_id, product_id, ordered_qty, received_qty) VALUES
  ('e0000000-0000-0000-0000-000000000001', 'd0000000-0000-0000-0000-000000000001', 50, 50),
  ('e0000000-0000-0000-0000-000000000001', 'd0000000-0000-0000-0000-000000000002', 20, 20),
  ('e0000000-0000-0000-0000-000000000001', 'd0000000-0000-0000-0000-000000000003', 15, 12),
  ('e0000000-0000-0000-0000-000000000002', 'd0000000-0000-0000-0000-000000000004', 100, 100),
  ('e0000000-0000-0000-0000-000000000002', 'd0000000-0000-0000-0000-000000000005', 250, 250),
  ('e0000000-0000-0000-0000-000000000003', 'd0000000-0000-0000-0000-000000000007', 800, 0),
  ('e0000000-0000-0000-0000-000000000003', 'd0000000-0000-0000-0000-000000000008', 500, 0),
  ('e0000000-0000-0000-0000-000000000004', 'd0000000-0000-0000-0000-000000000013', 200, 0),
  ('e0000000-0000-0000-0000-000000000004', 'd0000000-0000-0000-0000-000000000015', 100, 0),
  ('e0000000-0000-0000-0000-000000000005', 'd0000000-0000-0000-0000-000000000016', 50, 0),
  ('e0000000-0000-0000-0000-000000000005', 'd0000000-0000-0000-0000-000000000017', 100, 0);

-- 8. Deliveries (mix of statuses)
INSERT INTO deliveries (id, reference, "date", customer_name, source_location_id, status, notes, created_by, validated_at) VALUES
  ('f0000000-0000-0000-0000-000000000001', 'DEL-0001', '2026-03-10', 'RetailMax Stores', 'b0000000-0000-0000-0000-000000000003', 'DONE', 'Weekly retail restock', 'system', '2026-03-10T16:00:00Z'),
  ('f0000000-0000-0000-0000-000000000002', 'DEL-0002', '2026-03-12', 'CityMart Express', 'b0000000-0000-0000-0000-000000000007', 'DONE', 'Express delivery order', 'system', '2026-03-12T11:45:00Z'),
  ('f0000000-0000-0000-0000-000000000003', 'DEL-0003', '2026-03-13', 'GreenLeaf Cafe', 'b0000000-0000-0000-0000-000000000005', 'READY', 'F&B supplies for cafe chain', 'system', NULL),
  ('f0000000-0000-0000-0000-000000000004', 'DEL-0004', '2026-03-14', 'BuildPro Construction', 'b0000000-0000-0000-0000-000000000002', 'DRAFT', 'Construction materials order', 'system', NULL);

-- Delivery Items
INSERT INTO delivery_items (delivery_id, product_id, demand_qty, shipped_qty) VALUES
  ('f0000000-0000-0000-0000-000000000001', 'd0000000-0000-0000-0000-000000000001', 10, 10),
  ('f0000000-0000-0000-0000-000000000001', 'd0000000-0000-0000-0000-000000000020', 25, 25),
  ('f0000000-0000-0000-0000-000000000002', 'd0000000-0000-0000-0000-000000000009', 50, 50),
  ('f0000000-0000-0000-0000-000000000002', 'd0000000-0000-0000-0000-000000000018', 15, 15),
  ('f0000000-0000-0000-0000-000000000003', 'd0000000-0000-0000-0000-000000000013', 30, 0),
  ('f0000000-0000-0000-0000-000000000003', 'd0000000-0000-0000-0000-000000000014', 200, 0),
  ('f0000000-0000-0000-0000-000000000004', 'd0000000-0000-0000-0000-000000000004', 20, 0),
  ('f0000000-0000-0000-0000-000000000004', 'd0000000-0000-0000-0000-000000000006', 50, 0);

-- 9. Adjustments
INSERT INTO adjustments (id, reference, "date", product_id, location_id, previous_qty, counted_qty, difference, reason, created_by) VALUES
  ('aa000000-0000-0000-0000-000000000001', 'ADJ-0001', '2026-03-11', 'd0000000-0000-0000-0000-000000000003', 'b0000000-0000-0000-0000-000000000002', 10, 8, -2, 'Damaged in transit - 2 monitors cracked', 'system'),
  ('aa000000-0000-0000-0000-000000000002', 'ADJ-0002', '2026-03-13', 'd0000000-0000-0000-0000-000000000017', 'b0000000-0000-0000-0000-000000000007', 60, 65, 5, 'Found extra stock during audit', 'system');

-- 10. Move History
INSERT INTO moves ("date", "type", reference, product_id, quantity, from_location, to_location, created_by) VALUES
  ('2026-03-10T14:30:00Z', 'RECEIPT', 'RCP-0001', 'd0000000-0000-0000-0000-000000000001', 50, 'Supplier', 'WH1-A', 'system'),
  ('2026-03-10T14:30:00Z', 'RECEIPT', 'RCP-0001', 'd0000000-0000-0000-0000-000000000002', 20, 'Supplier', 'WH1-A', 'system'),
  ('2026-03-10T14:30:00Z', 'RECEIPT', 'RCP-0001', 'd0000000-0000-0000-0000-000000000003', 12, 'Supplier', 'WH1-A', 'system'),
  ('2026-03-10T16:00:00Z', 'DELIVERY', 'DEL-0001', 'd0000000-0000-0000-0000-000000000001', -10, 'WH1-C', 'Customer', 'system'),
  ('2026-03-10T16:00:00Z', 'DELIVERY', 'DEL-0001', 'd0000000-0000-0000-0000-000000000020', -25, 'WH1-C', 'Customer', 'system'),
  ('2026-03-11T09:15:00Z', 'RECEIPT', 'RCP-0002', 'd0000000-0000-0000-0000-000000000004', 100, 'Supplier', 'WH1-A', 'system'),
  ('2026-03-11T09:15:00Z', 'RECEIPT', 'RCP-0002', 'd0000000-0000-0000-0000-000000000005', 250, 'Supplier', 'WH1-A', 'system'),
  ('2026-03-11T10:00:00Z', 'ADJUSTMENT', 'ADJ-0001', 'd0000000-0000-0000-0000-000000000003', -2, 'WH1-B', 'WH1-B', 'system'),
  ('2026-03-12T11:45:00Z', 'DELIVERY', 'DEL-0002', 'd0000000-0000-0000-0000-000000000009', -50, 'DC-B2', 'Customer', 'system'),
  ('2026-03-12T11:45:00Z', 'DELIVERY', 'DEL-0002', 'd0000000-0000-0000-0000-000000000018', -15, 'DC-B1', 'Customer', 'system'),
  ('2026-03-13T14:00:00Z', 'ADJUSTMENT', 'ADJ-0002', 'd0000000-0000-0000-0000-000000000017', 5, 'DC-B2', 'DC-B2', 'system');
